Nome do Método	SCORE	Relevância	Categoria ChatGPT	Descrição ChatGPT	Submétodos	Categoria	Descrição	Modelos	Ensemble	Regressão	Linear	Redes Neurais	SVM	Clustering	Seleção de Features	Redução de Dimensionalidade	Pré-Processamento	Seleção	Textos	Vizinhos	Semi-Supervisionado	Probabilístico	Covariância	Estatística	Kernel	Otimização	Detecção de Outliers	Tópicos	Multi-output	Naive Bayes	Transformação
GradientBoostingClassifier	 5,0 	 5,0 	Modelos / Ensemble	Ensemble de classificadores via boosting.	apply, decision_function, fit, get_params, predict, predict_log_proba, predict_proba, score, set_params, staged_decision_function, staged_predict, staged_predict_proba	ensemble	Gradient Boosting for classification.	 5,0 	 5,0 																						
RandomForestClassifier	 5,0 	 5,0 	Modelos / Ensemble	Classificador baseado em floresta aleatória de árvores.	apply, decision_path, fit, get_params, predict, predict_log_proba, predict_proba, score, set_params	ensemble	A random forest classifier.	 5,0 	 5,0 																						
RandomForestRegressor	 4,9 	 4,8 	Modelos / Ensemble	Regressor baseado em floresta aleatória de árvores.	fit, get_params, predict, score, set_params	linear_model	Linear least squares with l2 regularization.	 5,0 	 5,0 																						
HistGradientBoostingClassifier	 4,9 	 4,6 	Modelos / Ensemble	Classificador via boosting com histogramas para grande escala.	fit, get_params, path, predict, score, set_params	linear_model	Linear regression with combined L1 and L2 priors as regularizer.	 5,0 	 5,0 																						
HistGradientBoostingRegressor	 4,9 	 4,6 	Modelos / Ensemble	Regressor via boosting com histogramas para grande escala.	decision_function, fit, fit_predict, get_params, predict, score_samples, set_params	ensemble	Isolation Forest Algorithm.	 5,0 	 5,0 																						
BaggingClassifier	 4,8 	 4,5 	Modelos / Ensemble	Ensemble via bagging de classificadores base.	decision_function, fit, get_params, predict, predict_log_proba, predict_proba, score, set_params	ensemble	A Bagging classifier.	 5,0 	 5,0 																						
ExtraTreesClassifier	 4,8 	 4,5 	Modelos / Ensemble	Ensemble de árvores aleatórias com maior aleatoriedade.	apply, decision_path, fit, get_params, predict, predict_log_proba, predict_proba, score, set_params	ensemble	An extra-trees classifier.	 5,0 	 5,0 																						
GradientBoostingRegressor	 4,8 	 4,5 	Modelos / Ensemble	Regressor via gradient boosting.	decision_function, fit, get_params, predict, predict_proba, score, set_params, staged_decision_function, staged_predict, staged_predict_proba	ensemble	Histogram-based Gradient Boosting Classification Tree.	 5,0 	 5,0 																						
LogisticRegression	 4,8 	 5,0 	Modelos / Linear	Regressão logística para classificação binária/multiclasse.	decision_function, densify, fit, get_params, predict, predict_log_proba, predict_proba, score, set_params, sparsify	linear_model	Logistic Regression (aka logit, MaxEnt) classifier.	 5,0 			 4,5 																				
StackingClassifier	 4,8 	 4,5 	Modelos / Ensemble	Ensemble de classificadores via stacking.	fit, fit_transform, get_feature_names_out, get_params, predict, score, set_params, transform	ensemble	Stack of estimators with a final regressor.	 5,0 	 5,0 																						
StackingRegressor	 4,8 	 4,5 	Modelos / Ensemble	Ensemble de regressores via stacking.	decision_function, fit, get_params, predict, predict_log_proba, predict_proba, score, set_params	svm	C-Support Vector Classification.	 5,0 	 5,0 																						
AdaBoostClassifier	 4,8 	 4,4 	Modelos / Ensemble	Classificador via Adaptive Boosting.	fit, get_params, predict, score, set_params, staged_predict, staged_score	ensemble	An AdaBoost regressor.	 5,0 	 5,0 																						
ExtraTreesRegressor	 4,8 	 4,4 	Modelos / Ensemble	Ensemble de árvores aleatórias para regressão.	fit, get_params, partial_fit, predict, predict_log_proba, predict_proba, score, set_params	naive_bayes	Naive Bayes classifier for multivariate Bernoulli models.	 5,0 	 5,0 																						
VotingClassifier	 4,8 	 4,4 	Modelos / Ensemble	Combina múltiplos classificadores via votação.	fit, fit_transform, get_feature_names_out, get_params, predict, score, set_params, transform	ensemble	Prediction voting regressor for unfitted estimators.	 5,0 	 5,0 																						
VotingRegressor	 4,8 	 4,4 	Modelos / Ensemble	Combina múltiplos regressores via média ponderada.	fit, fit_transform, get_feature_names_out, get_params, get_support, inverse_transform, partial_fit, set_params, transform	feature_selection	Meta-transformer for selecting features based on importance weights.	 5,0 	 5,0 																						
LinearSVC	 4,8 	 5,0 	Modelos / SVM	Classificação linear via Support Vector Machines.	decision_function, densify, fit, get_params, predict, score, set_params, sparsify	svm	Linear Support Vector Classification.	 5,0 					 4,3 																		
RidgeCV	 4,7 	 4,4 	Modelos / Regressão	Ridge com cross-validation automática para α.	decision_function, fit, fit_predict, fit_transform, get_feature_names_out, get_params, inverse_transform, predict, predict_log_proba, predict_proba, score, score_samples, set_params, transform	pipeline	Pipeline of transforms with a final estimator.	 5,0 		 4,8 																					
Ridge	 4,7 	 4,3 	Modelos / Regressão	Regressão linear com regularização L2.	fit, get_params, predict, score, set_params	linear_model	Ridge regression with built-in cross-validation.	 5,0 		 4,8 																					
LogisticRegressionCV	 4,7 	 4,5 	Modelos / Linear	Regressão logística com cross-validation para α/C.	fit, get_params, predict, score, set_params, staged_predict	ensemble	Histogram-based Gradient Boosting Regression Tree.	 5,0 			 4,5 																				
SVC	 4,7 	 4,7 	Modelos / SVM	Support Vector Classification (SVM).	fit, get_params, predict, score, set_params	svm	Epsilon-Support Vector Regression.	 5,0 					 4,3 																		
RidgeClassifierCV	 4,6 	 4,4 	Modelos / Linear	RidgeClassifier com cross-validation para α.	decision_function, densify, fit, get_params, partial_fit, predict, score, set_params, sparsify	linear_model	Passive Aggressive Classifier.	 5,0 			 4,5 																				
ElasticNetCV	 4,6 	 4,1 	Modelos / Regressão	ElasticNet com cross-validation para α e l1_ratio.	apply, cost_complexity_pruning_path, decision_path, fit, get_depth, get_n_leaves, get_params, predict, predict_log_proba, predict_proba, score, set_params	tree	An extremely randomized tree classifier.	 5,0 		 4,8 																					
LassoCV	 4,6 	 4,1 	Modelos / Regressão	Lasso com cross-validation para α.	fit, fit_transform, get_feature_names_out, get_params, partial_fit, perplexity, score, set_params, transform	decomposition	Latent Dirichlet Allocation with online variational Bayes algorithm.	 5,0 		 4,8 																					
SVR	 4,6 	 4,6 	Modelos / SVM	Support Vector Regression (SVM).	apply, decision_path, fit, get_params, predict, score, set_params	ensemble	A random forest regressor.	 5,0 					 4,3 																		
ElasticNet	 4,6 	 4,0 	Modelos / Regressão	Regressão linear com penalização L1 e L2 combinadas.	fit, get_params, path, predict, score, set_params	linear_model	Elastic Net model with iterative fitting along a regularization path.	 5,0 		 4,8 																					
KernelRidge	 4,6 	 4,0 	Modelos / Regressão	Regressão ridge com kernel não-linear.	fit, get_params, kneighbors, kneighbors_graph, predict, score, set_params	neighbors	Regression based on k-nearest neighbors.	 5,0 		 4,8 																					
Lasso	 4,6 	 4,0 	Modelos / Regressão	Regressão linear com penalização L1 (esparsa).	fit, get_params, path, predict, score, set_params	linear_model	Lasso linear model with iterative fitting along a regularization path.	 5,0 		 4,8 																					
LinearRegression	 4,6 	 4,0 	Modelos / Regressão	Regressão linear simples ou multivariada.	decision_function, densify, fit, get_params, predict, predict_log_proba, predict_proba, score, set_params, sparsify	linear_model	Logistic Regression CV (aka logit, MaxEnt) classifier.	 5,0 		 4,8 																					
Pipeline	 4,6 	 4,9 	Pré-processamento / Modelos	Encadeamento de transformações e estimadores em sequência.	decision_function, fit, fit_predict, get_params, predict, score_samples, set_params	svm	Unsupervised Outlier Detection.	 5,0 									 3,9 														
PLSRegression	 4,6 	 4,0 	Modelos / Regressão	Partial Least Squares para regressão multivariada.	fit, get_params, predict, score, set_params	linear_model	Generalized Linear Model with a Poisson distribution.	 5,0 		 4,8 																					
RANSACRegressor	 4,6 	 4,0 	Modelos / Regressão	Regressor robusto a outliers via RANSAC.	fit, get_params, predict, score, set_params	multioutput	A multi-label model that arranges regressions into a chain.	 5,0 		 4,8 																					
RidgeClassifier	 4,6 	 4,3 	Modelos / Linear	Classificador linear com regularização L2.	decision_function, fit, get_params, predict, score, set_params	linear_model	Ridge classifier with built-in cross-validation.	 5,0 			 4,5 																				
SGDClassifier	 4,6 	 4,3 	Modelos / Linear	Classificador linear treinado via gradiente descendente estocástico.	decision_function, densify, fit, get_params, partial_fit, predict, predict_log_proba, predict_proba, score, set_params, sparsify	linear_model	Linear classifiers (SVM, logistic regression, etc.) with SGD training.	 5,0 			 4,5 																				
SGDRegressor	 4,6 	 4,3 	Modelos / Linear	Regressor linear via gradiente descendente estocástico.	fit, fit_transform, get_feature_names_out, get_params, set_params, transform	decomposition	Sparse Principal Components Analysis (SparsePCA).	 5,0 			 4,5 																				
HuberRegressor	 4,6 	 3,9 	Modelos / Regressão	Regressor robusto combinando MSE e MAE.	fit, fit_transform, get_covariance, get_feature_names_out, get_params, get_precision, inverse_transform, partial_fit, set_params, transform	decomposition	Incremental principal components analysis (IPCA).	 5,0 		 4,8 																					
MLPClassifier	 4,6 	 4,2 	Modelos / Redes Neurais	Perceptron multicamadas para classificação.	fit, get_params, partial_fit, predict, score, set_params	neural_network	Multi-layer Perceptron regressor.	 5,0 				 4,5 																			
QuadraticDiscriminantAnalysis	 4,6 	 4,2 	Modelos / Linear	Classificador linear/quadrático baseado em estatística discriminante.	fit, get_params, predict, score, set_params	linear_model	Linear regression model that predicts conditional quantiles.	 5,0 			 4,5 																				
QuantileRegressor	 4,6 	 3,9 	Modelos / Regressão	Regressor baseado em quantis, útil para outliers.	fit, get_params, predict, score, set_params	neighbors	Nearest centroid classifier.	 5,0 		 4,8 																					
TheilSenRegressor	 4,6 	 3,9 	Modelos / Regressão	Regressor robusto linear resistente a outliers.	fit, get_params, predict, score, set_params	compose	Meta-estimator to regress on a transformed target.	 5,0 		 4,8 																					
TweedieRegressor	 4,6 	 3,9 	Modelos / Regressão	Regressor generalizado para distribuições Tweedie.	fit, fit_transform, get_feature_names_out, get_params, predict, predict_proba, score, set_params, transform	ensemble	Soft Voting/Majority Rule classifier for unfitted estimators.	 5,0 		 4,8 																					
IsotonicRegression	 4,5 	 3,8 	Modelos / Regressão	Regressão isotônica monotônica univariada.	fit, fit_transform, get_feature_names_out, get_params, inverse_transform, set_params, transform	decomposition	Kernel Principal component analysis (KPCA) [1]_.	 5,0 		 4,8 																					
PoissonRegressor	 4,5 	 3,8 	Modelos / Regressão	Regressor para contagens via distribuição de Poisson.	fit, fit_transform, get_feature_names_out, get_params, inverse_transform, set_params, transform	preprocessing	Apply a power transform featurewise to make data more Gaussian-like.	 5,0 		 4,8 																					
TransformedTargetRegressor	 4,5 	 3,8 	Modelos / Regressão	Regressor que aplica transformação ao target antes de treinar.	fit, fit_transform, get_params, set_params	manifold	T-distributed Stochastic Neighbor Embedding.	 5,0 		 4,8 																					
MLPRegressor	 4,5 	 4,1 	Modelos / Redes Neurais	Perceptron multicamadas para regressão.	fit, get_params, partial_fit, predict, predict_log_proba, predict_proba, score, set_params	naive_bayes	Naive Bayes classifier for multinomial models.	 5,0 				 4,5 																			
KNeighborsClassifier	 4,5 	 5,0 	Modelos / Vizinhos	Classificador baseado em votação de k-vizinhos mais próximos.	fit, get_params, kneighbors, kneighbors_graph, predict, predict_proba, score, set_params	neighbors	Classifier implementing the k-nearest neighbors vote.	 5,0 												 3,5 											
LarsCV	 4,5 	 4,0 	Modelos / Linear	Lars com cross-validation para seleção de features.	fit, get_params, path, predict, score, set_params	linear_model	Linear Model trained with L1 prior as regularizer (aka the Lasso).	 5,0 			 4,5 																				
LinearDiscriminantAnalysis	 4,5 	 4,0 	Modelos / Linear	Classificação linear baseada em análise discriminante.	fit, get_params, predict, score, set_params	linear_model	Ordinary least squares Linear Regression.	 5,0 			 4,5 																				
LinearSVR	 4,5 	 4,2 	Modelos / SVM	Regressão linear via SVM.	decision_function, fit, fit_predict, get_params, kneighbors, kneighbors_graph, predict, score_samples, set_params	neighbors	Unsupervised Outlier Detection using the Local Outlier Factor (LOF).	 5,0 					 4,3 																		
PCA	 4,5 	 5,0 	Redução de Dimensionalidade	Análise de Componentes Principais para redução de dimensionalidade.	fit, fit_transform, get_covariance, get_feature_names_out, get_params, get_precision, inverse_transform, score, score_samples, set_params, transform	decomposition	Principal component analysis (PCA).									 4,0 															
SelectKBest	 4,5 	 5,0 	Seleção de Features	Seleção das k melhores features por estatística univariada.	fit, fit_transform, get_feature_names_out, get_params, get_support, inverse_transform, set_params, transform	feature_selection	Select features according to the k highest scores.								 4,0 																
Lars	 4,5 	 3,9 	Modelos / Linear	Least Angle Regression para regressão linear esparsa.	fit, get_params, predict, score, set_params	linear_model	Cross-validated Least Angle Regression model.	 5,0 			 4,5 																				
PassiveAggressiveClassifier	 4,5 	 3,9 	Modelos / Linear	Classificador online robusto para grandes datasets.	densify, fit, get_params, partial_fit, predict, score, set_params, sparsify	linear_model	Passive Aggressive Regressor.	 5,0 			 4,5 																				
PassiveAggressiveRegressor	 4,5 	 3,9 	Modelos / Linear	Regressor online robusto para grandes datasets.	fit, fit_transform, get_feature_names_out, get_params, inverse_transform, predict, score, set_params, transform	cross_decomposition	PLS regression.	 5,0 			 4,5 																				
NuSVC	 4,5 	 4,1 	Modelos / SVM	SVM com parametrização nu para controle de margem e outliers.	fit, get_params, predict, score, set_params	svm	Nu Support Vector Regression.	 5,0 					 4,3 																		
MinMaxScaler	 4,5 	 5,0 	Pré-processamento	Escalonamento de features para intervalo definido [0,1] ou outro.	fit, fit_transform, get_feature_names_out, get_params, inverse_transform, partial_fit, set_params, transform	preprocessing	Transform features by scaling each feature to a given range.										 3,9 														
OneHotEncoder	 4,5 	 5,0 	Pré-processamento	Codificação one-hot de variáveis categóricas.	fit, fit_transform, get_feature_names, get_feature_names_out, get_params, inverse_transform, set_params, transform	preprocessing	Encode categorical features as a one-hot numeric array.										 3,9 														
StandardScaler	 4,5 	 5,0 	Pré-processamento	Padroniza features removendo média e escalando para variância unitária.	fit, fit_transform, get_feature_names_out, get_params, inverse_transform, partial_fit, set_params, transform	preprocessing	Standardize features by removing the mean and scaling to unit variance.										 3,9 														
NearestCentroid	 4,4 	 3,8 	Modelos / Linear	Classificador baseado em centróides das classes.	fit, fit_transform, get_feature_names_out, get_params, inverse_transform, set_params, transform	decomposition	Non-Negative Matrix Factorization (NMF).	 5,0 			 4,5 																				
NuSVR	 4,4 	 4,0 	Modelos / SVM	Regressor SVM com parâmetro nu.	fit, fit_predict, get_params, set_params	cluster	Estimate clustering structure from vector array.	 5,0 					 4,3 																		
OneClassSVM	 4,4 	 3,9 	Modelos / SVM	SVM para detecção de outliers.	fit, get_params, partial_fit, predict, predict_log_proba, predict_proba, score, set_params	neural_network	Multi-layer Perceptron classifier.	 5,0 					 4,3 																		
LassoLars	 4,4 	 3,3 	Modelos / Regressão	Combinação de Lasso e Lars.	fit, get_params, predict, score, set_params	linear_model	Lasso model fit with Least Angle Regression a.k.a. Lars.	 5,0 		 4,8 																					
LassoLarsCV	 4,4 	 3,3 	Modelos / Regressão	LassoLars com cross-validation para α.	fit, get_params, predict, score, set_params	linear_model	Cross-validated Lasso, using the LARS algorithm.	 5,0 		 4,8 																					
LassoLarsIC	 4,4 	 3,3 	Modelos / Regressão	LassoLars baseado em critérios de informação (AIC/BIC).	fit, get_params, predict, score, set_params	linear_model	Lasso model fit with Lars using BIC or AIC for model selection.	 5,0 		 4,8 																					
MultiTaskElasticNet	 4,4 	 3,3 	Modelos / Regressão	ElasticNet para problemas multitarefa.	fit, get_params, path, predict, score, set_params	linear_model	Multi-task ElasticNet model trained with L1/L2 mixed-norm as regularizer.	 5,0 		 4,8 																					
MultiTaskElasticNetCV	 4,4 	 3,3 	Modelos / Regressão	MultiTaskElasticNet com cross-validation.	fit, get_params, path, predict, score, set_params	linear_model	Multi-task L1/L2 ElasticNet with built-in cross-validation.	 5,0 		 4,8 																					
MultiTaskLasso	 4,4 	 3,3 	Modelos / Regressão	Lasso para problemas multitarefa.	fit, get_params, path, predict, score, set_params	linear_model	Multi-task Lasso model trained with L1/L2 mixed-norm as regularizer.	 5,0 		 4,8 																					
MultiTaskLassoCV	 4,4 	 3,3 	Modelos / Regressão	MultiTaskLasso com cross-validation.	fit, get_params, path, predict, score, set_params	linear_model	Multi-task Lasso model trained with L1/L2 mixed-norm as regularizer.	 5,0 		 4,8 																					
OrthogonalMatchingPursuit	 4,4 	 3,3 	Modelos / Regressão	Regressão esparsa usando algoritmo de Matching Pursuit.	fit, get_params, predict, score, set_params	linear_model	Orthogonal Matching Pursuit model (OMP).	 5,0 		 4,8 																					
OrthogonalMatchingPursuitCV	 4,4 	 3,3 	Modelos / Regressão	Versão com cross-validation automática para seleção de features.	fit, get_params, predict, score, set_params	linear_model	Cross-validated Orthogonal Matching Pursuit model (OMP).	 5,0 		 4,8 																					
KMeans	 4,4 	 4,5 	Clustering	Clusterização via K-means.	fit, get_params, partial_fit, predict, predict_log_proba, predict_proba, score, set_params	naive_bayes	Gaussian Naive Bayes (GaussianNB).							 4,2 																	
Perceptron	 4,3 	 3,3 	Modelos / Redes Neurais	Classificador linear simples baseado em perceptron.	decision_function, densify, fit, get_params, partial_fit, predict, score, set_params, sparsify	linear_model	Linear perceptron classifier.	 5,0 				 4,5 																			
BaggingRegressor	 4,3 	 3,5 	Modelos	Ensemble baseado em bagging para regressão.	fit, get_params, predict, score, set_params	ensemble	A Bagging regressor.	 5,0 																							
MiniBatchKMeans	 4,3 	 4,3 	Clustering	Variante K-means eficiente para grandes datasets.	fit, get_params, partial_fit, predict, predict_proba, score, set_params	multioutput	Multi target classification.							 4,2 																	
KNeighborsRegressor	 4,2 	 4,2 	Modelos / Vizinhos	Regressor baseado em k-vizinhos mais próximos.	fit, fit_transform, get_feature_names_out, get_params, set_params, transform	impute	Imputation for completing missing values using k-Nearest Neighbors.	 5,0 												 3,5 											
DBSCAN	 4,2 	 4,2 	Clustering	Clusterização baseada em densidade.	apply, cost_complexity_pruning_path, decision_path, fit, get_depth, get_n_leaves, get_params, predict, score, set_params	tree	A decision tree regressor.							 4,2 																	
SGDOneClassSVM	 4,2 	 3,3 	Modelos / SVM	SVM para detecção de outliers treinado com SGD.	decision_function, densify, fit, fit_predict, get_params, partial_fit, predict, score_samples, set_params, sparsify	linear_model	Solves linear One-Class SVM using Stochastic Gradient Descent.	 5,0 					 4,3 																		
DecisionTreeClassifier	 4,2 	 5,0 	Modelos / Tree	Classificador baseado em árvore de decisão.	apply, cost_complexity_pruning_path, decision_path, fit, get_depth, get_n_leaves, get_params, predict, predict_log_proba, predict_proba, score, set_params	tree	A decision tree classifier.	 5,0 																				 2,5 			
ARDRegression	 4,2 	 3,3 	Modelos	Regressão bayesiana automática (ARD).	fit, get_params, predict, score, set_params	linear_model	Bayesian ARD regression.	 5,0 																							
BayesianGaussianMixture	 4,2 	 3,3 	Modelos	Mistura Gaussiana Bayesiana.	fit, fit_predict, get_params, predict, predict_proba, sample, score, score_samples, set_params	mixture	Variational Bayesian estimation of a Gaussian mixture.	 5,0 																							
BayesianRidge	 4,2 	 3,3 	Modelos	Regressão bayesiana com regularização Ridge.	fit, get_params, predict, score, set_params	linear_model	Bayesian ridge regression.	 5,0 																							
BernoulliRBM	 4,2 	 3,3 	Modelos	Restricted Boltzmann Machine para features binárias.	fit, fit_transform, get_feature_names_out, get_params, gibbs, partial_fit, score_samples, set_params, transform	neural_network	Bernoulli Restricted Boltzmann Machine (RBM).	 5,0 																							
ClassifierChain	 4,2 	 3,3 	Modelos	Encadeamento de classificadores para problemas multilabel.	decision_function, fit, get_params, predict, predict_proba, score, set_params	multioutput	A multi-label model that arranges binary classifiers into a chain.	 5,0 																							
GammaRegressor	 4,2 	 3,3 	Modelos	Regressão para variáveis positivas usando função de link Gamma.	fit, get_params, predict, score, set_params	linear_model	Generalized Linear Model with a Gamma distribution.	 5,0 																							
OneVsOneClassifier	 4,2 	 3,3 	Modelos	Estratégia de classificação “um contra um” para múltiplas classes.	decision_function, fit, get_params, partial_fit, predict, score, set_params	multiclass	One-vs-one multiclass strategy.	 5,0 																							
OneVsRestClassifier	 4,2 	 3,3 	Modelos	Estratégia de classificação “um contra todos” para múltiplas classes.	decision_function, fit, get_params, partial_fit, predict, predict_proba, score, set_params	multiclass	One-vs-the-rest (OvR) multiclass strategy.	 5,0 																							
OutputCodeClassifier	 4,2 	 3,3 	Modelos	Classificação baseada em codificação de saída (Error-Correcting Output Codes).	fit, get_params, predict, score, set_params	multiclass	(Error-Correcting) Output-Code multiclass strategy.	 5,0 																							
CalibratedClassifierCV	 4,1 	 4,1 	Modelos / Probabilístico	Classificador calibrado para probabilidades confiáveis.	fit, fit_transform, get_feature_names, get_feature_names_out, get_params, set_params, transform	compose	Applies transformers to columns of an array or pandas DataFrame.	 5,0 														 3,3 									
GaussianProcessClassifier	 4,1 	 4,1 	Modelos / Probabilístico	Classificação probabilística via Gaussian Process.	fit, get_params, log_marginal_likelihood, predict, sample_y, score, set_params	gaussian_process	Gaussian process regression (GPR).	 5,0 														 3,3 									
GaussianProcessRegressor	 4,1 	 4,1 	Modelos / Probabilístico	Regressão via Gaussian Process.	decision_function, fit, get_params, inverse_transform, predict, predict_log_proba, predict_proba, score, score_samples, set_params, transform	model_selection	Exhaustive search over specified parameter values for an estimator.	 5,0 														 3,3 									
GaussianMixture	 4,1 	 4,0 	Modelos / Probabilístico	Clusterização baseada em mistura de Gaussianas.	fit, get_params, log_marginal_likelihood, predict, predict_proba, score, set_params	gaussian_process	Gaussian process classification (GPC) based on Laplace approximation.	 5,0 														 3,3 									
GridSearchCV	 4,1 	 4,5 	Modelos / Otimização	Busca exaustiva de hiperparâmetros com cross-validation.	decision_function, fit, get_params, inverse_transform, predict, predict_log_proba, predict_proba, score, score_samples, set_params, transform	model_selection	Search over specified parameter values with successive halving.	 5,0 																		 2,8 					
LabelPropagation	 4,1 	 3,8 	Modelos / Semi-supervisionado	Classificação semi-supervisionada via propagação de rótulos.	fit, get_params, predict, predict_proba, score, set_params	semi_supervised	LabelSpreading model for semi-supervised learning.	 5,0 													 3,5 										
LabelSpreading	 4,1 	 3,8 	Modelos / Semi-supervisionado	Variante de LabelPropagation usando kernel de similaridade.	fit, get_params, predict, score, set_params	linear_model	Least Angle Regression model a.k.a. LAR.	 5,0 													 3,5 										
SelfTrainingClassifier	 4,1 	 3,8 	Modelos / Semi-supervisionado	Classificador auto-treinável com pseudo-labels.	fit, fit_transform, get_feature_names_out, get_params, get_support, inverse_transform, set_params, transform	feature_selection	Transformer that performs Sequential Feature Selection.	 5,0 													 3,5 										
Birch	 4,1 	 4,0 	Clustering	Clusterização hierárquica eficiente para grandes datasets.	fit, get_params, predict, predict_proba, score, set_params	calibration	Probability calibration with isotonic regression or logistic regression.							 4,2 																	
BisectingKMeans	 4,1 	 4,0 	Clustering	Variante hierárquica de K-means.	fit, get_params, partial_fit, predict, predict_log_proba, predict_proba, score, set_params	naive_bayes	Naive Bayes classifier for categorical features.							 4,2 																	
DummyClassifier	 4,1 	 3,2 	Modelos	Classificador baseline que sempre prevê a mesma classe ou aleatoriamente.	fit, get_params, predict, predict_log_proba, predict_proba, score, set_params	dummy	DummyClassifier makes predictions that ignore the input features.	 5,0 																							
DummyRegressor	 4,1 	 3,2 	Modelos	Regressor baseline que sempre prevê a média, mediana ou constante.	fit, get_params, predict, score, set_params	dummy	Regressor that makes predictions using simple rules.	 5,0 																							
OPTICS	 4,1 	 4,0 	Clustering	Clusterização baseada em densidade, similar ao DBSCAN.	fit, fit_transform, get_feature_names_out, get_params, inverse_transform, partial_fit, set_params, transform	preprocessing	Scale each feature by its maximum absolute value.							 4,2 																	
PolynomialFeatures	 4,1 	 4,3 	Pré-processamento	Geração de features polinomiais combinando features originais.	fit, fit_transform, get_feature_names, get_feature_names_out, get_params, set_params, transform	preprocessing	Generate polynomial and interaction features.										 3,9 														
RFECV	 4,1 	 4,2 	Seleção de Features	RFE com cross-validation para seleção ótima de features.	decision_function, fit, get_params, predict, score, set_params	linear_model	Classifier using Ridge regression.								 4,0 																
SelectPercentile	 4,1 	 4,2 	Seleção de Features	Seleção de features baseada no percentil dos scores univariados.	fit, fit_transform, get_feature_names_out, get_params, get_support, inverse_transform, set_params, transform	feature_selection	Select features according to a percentile of the highest scores.								 4,0 																
SpectralClustering	 4,1 	 4,0 	Clustering	Clusterização baseada em espectro de similaridade.	decision_function, fit, get_params, inverse_transform, predict, predict_log_proba, predict_proba, score, score_samples, set_params, transform	model_selection	Randomized search on hyper parameters.							 4,2 																	
NearestNeighbors	 4,1 	 3,3 	Pré-processamento / Modelos	Busca de vizinhos mais próximos (não supervisionado).	fit, get_params, kneighbors, kneighbors_graph, radius_neighbors, radius_neighbors_graph, set_params	neighbors	Unsupervised learner for implementing neighbor searches.	 5,0 									 3,9 														
ColumnTransformer	 4,1 	 4,2 	Pré-processamento	Aplica transformações diferentes a subsets de features.	build_analyzer, build_preprocessor, build_tokenizer, decode, fit, fit_transform, get_feature_names, get_feature_names_out, get_params, get_stop_words, inverse_transform, set_params, transform	feature_extraction	Convert a collection of text documents to a matrix of token counts.										 3,9 														
KernelPCA	 4,1 	 4,1 	Redução de Dimensionalidade	PCA via kernel para projeções não-lineares.	fit, get_params, predict, score, set_params	kernel_ridge	Kernel ridge regression.									 4,0 															
RobustScaler	 4,1 	 4,2 	Pré-processamento	Escalonamento robusto a outliers usando mediana e IQR.	fit, fit_transform, get_feature_names_out, get_params, inverse_transform, set_params, transform	preprocessing	Scale features using statistics that are robust to outliers.										 3,9 														
SimpleImputer	 4,1 	 4,2 	Pré-processamento	Imputação de valores faltantes (média, mediana, constante).	decision_function, fit, fit_transform, get_feature_names_out, get_params, predict, predict_proba, score, set_params, transform	ensemble	Stack of estimators with a final classifier.										 3,9 														
TruncatedSVD	 4,1 	 4,1 	Redução de Dimensionalidade	Decomposição SVD truncada para dados esparsos ou PCA aproximado.	fit, fit_transform, get_feature_names_out, get_params, get_support, inverse_transform, set_params, transform	feature_selection	Feature selector that removes all low-variance features.									 4,0 															
TSNE	 4,1 	 4,1 	Redução de Dimensionalidade	Redução não-linear para visualização de dados em 2D/3D.	fit, get_params, predict, score, set_params	linear_model	Generalized Linear Model with a Tweedie distribution.									 4,0 															
HalvingGridSearchCV	 4,0 	 4,3 	Modelos / Otimização	Grid search eficiente via “successive halving”.	decision_function, fit, get_params, inverse_transform, predict, predict_log_proba, predict_proba, score, score_samples, set_params, transform	model_selection	Randomized search on hyper parameters.	 5,0 																		 2,8 					
HalvingRandomSearchCV	 4,0 	 4,3 	Modelos / Otimização	Random search eficiente via “successive halving”.	fit, fit_transform, get_feature_names_out, get_params, inverse_transform, set_params, transform	decomposition	FastICA: a fast algorithm for Independent Component Analysis.	 5,0 																		 2,8 					
IncrementalPCA	 4,0 	 4,0 	Redução de Dimensionalidade	PCA incremental para grandes datasets.	fit, fit_transform, get_feature_names_out, get_params, predict, score, set_params, transform	isotonic	Isotonic regression model.									 4,0 															
Normalizer	 4,0 	 4,1 	Pré-processamento	Normaliza vetores de features para norma unitária.	fit, fit_transform, get_feature_names_out, get_params, set_params, transform	preprocessing	Normalize samples individually to unit norm.										 3,9 														
RandomizedSearchCV	 4,0 	 4,2 	Modelos / Otimização	Busca aleatória de hiperparâmetros com cross-validation.	fit, get_params, predict, score, set_params	linear_model	RANSAC (RANdom SAmple Consensus) algorithm.	 5,0 																		 2,8 					
RFE	 4,0 	 4,0 	Seleção de Features	Recursive Feature Elimination, remove features iterativamente.	decision_function, fit, fit_transform, get_feature_names_out, get_params, get_support, inverse_transform, predict, predict_log_proba, predict_proba, score, set_params, transform	feature_selection	Recursive feature elimination with cross-validation to select features.								 4,0 																
SelectFromModel	 4,0 	 4,0 	Seleção de Features	Seleciona features importantes usando modelo base.	decision_function, fit, get_params, predict, predict_log_proba, predict_proba, score, set_params	semi_supervised	Self-training classifier.								 4,0 																
SequentialFeatureSelector	 4,0 	 4,0 	Seleção de Features	Seleção de features sequencial forward/backward.	densify, fit, get_params, partial_fit, predict, score, set_params, sparsify	linear_model	Linear model fitted by minimizing a regularized empirical loss with SGD.								 4,0 																
AgglomerativeClustering	 4,0 	 3,7 	Clustering	Clusterização hierárquica aglomerativa.	fit, fit_predict, get_params, set_params	cluster	Agglomerative Clustering.							 4,2 																	
Binarizer	 4,0 	 4,0 	Pré-processamento	Converte features contínuas em binárias via threshold.	fit, fit_transform, get_feature_names_out, get_params, set_params, transform	preprocessing	Binarize data (set feature values to 0 or 1) according to a threshold.										 3,9 														
FastICA	 4,0 	 3,9 	Redução de Dimensionalidade	Independent Component Analysis para separar sinais independentes.	fit, fit_transform, get_feature_names, get_feature_names_out, get_params, set_params, transform	pipeline	Concatenates results of multiple transformer objects.									 4,0 															
FeatureUnion	 4,0 	 4,0 	Pré-processamento	Combina múltiplos transformadores em paralelo.	fit, fit_predict, fit_transform, get_feature_names_out, get_params, partial_fit, predict, set_params, transform	cluster	Implements the BIRCH clustering algorithm.										 3,9 														
KNNImputer	 4,0 	 4,0 	Pré-processamento	Imputação de valores faltantes via k-vizinhos.	aic, bic, fit, fit_predict, get_params, predict, predict_proba, sample, score, score_samples, set_params	mixture	Gaussian Mixture.										 3,9 														
MaxAbsScaler	 4,0 	 4,0 	Pré-processamento	Escalonamento de features para [-1,1] preservando esparsidade.	fit, fit_predict, fit_transform, get_feature_names_out, get_params, partial_fit, predict, score, set_params, transform	cluster	Mini-Batch K-Means clustering.										 3,9 														
NMF	 4,0 	 3,9 	Redução de Dimensionalidade	Decomposição não-negativa de matrizes para features latentes.	decision_function, fit, get_params, predict, predict_log_proba, predict_proba, score, set_params	svm	Nu-Support Vector Classification.									 4,0 															
PowerTransformer	 4,0 	 4,0 	Pré-processamento	Transformação de dados para aproximar normalidade.	decision_function, fit, get_params, predict, predict_log_proba, predict_proba, score, set_params	discriminant_analysis	Quadratic Discriminant Analysis.										 3,9 														
DecisionTreeRegressor	 3,9 	 4,3 	Modelos / Tree	Regressor baseado em árvore de decisão.	decision_function, fit, get_params, predict, predict_log_proba, predict_proba, score, set_params, staged_decision_function, staged_predict, staged_predict_proba, staged_score	ensemble	An AdaBoost classifier.	 5,0 																				 2,5 			
RadiusNeighborsClassifier	 3,9 	 3,3 	Modelos / Vizinhos	Classificador baseado em vizinhos dentro de um raio fixo.	fit, get_params, predict, predict_proba, radius_neighbors, radius_neighbors_graph, score, set_params	neighbors	Classifier implementing a vote among neighbors within a given radius.	 5,0 												 3,5 											
RadiusNeighborsRegressor	 3,9 	 3,3 	Modelos / Vizinhos	Regressor baseado em vizinhos dentro de um raio fixo.	fit, get_params, predict, radius_neighbors, radius_neighbors_graph, score, set_params	neighbors	Regression based on neighbors within a fixed radius.	 5,0 												 3,5 											
IsolationForest	 3,9 	 4,0 	Modelos / Detecção de Outliers	Detecção de outliers baseada em floresta aleatória.	fit, fit_predict, fit_transform, get_feature_names_out, get_params, predict, score, set_params, transform	cluster	K-Means clustering.	 5,0 																			 2,7 				
LocalOutlierFactor	 3,9 	 4,0 	Modelos / Detecção de Outliers	Detecta anomalias baseado em vizinhança local.	fit, get_params, predict, score, set_params	linear_model	L2-regularized linear regression model that is robust to outliers.	 5,0 																			 2,7 				
SparsePCA	 3,9 	 3,8 	Redução de Dimensionalidade	PCA esparso para datasets de alta dimensionalidade.	fit, fit_predict, get_params, set_params	cluster	Apply clustering to a projection of the normalized Laplacian.									 4,0 															
VarianceThreshold	 3,9 	 3,8 	Seleção de Features	Remove features com baixa variância.	fit, fit_transform, get_feature_names_out, get_params, inverse_transform, set_params, transform	impute	Univariate imputer for completing missing values with simple strategies.								 4,0 																
AffinityPropagation	 3,9 	 3,5 	Clustering	Clusterização baseada em propagação de afinidade entre pontos.	fit, fit_predict, get_params, predict, set_params	cluster	Perform Affinity Propagation Clustering of data.							 4,2 																	
MeanShift	 3,9 	 3,5 	Clustering	Clusterização baseada em densidade média.	fit, fit_predict, get_params, predict, set_params	cluster	Mean shift clustering using a flat kernel.							 4,2 																	
SpectralBiclustering	 3,9 	 3,5 	Clustering	Biclusterização baseada em espectro de matriz.	fit, get_indices, get_params, get_shape, get_submatrix, set_params	cluster	Spectral biclustering (Kluger, 2003).							 4,2 																	
SpectralCoclustering	 3,9 	 3,5 	Clustering	Co-clusterização espectral de linhas e colunas de matriz.	fit, get_indices, get_params, get_shape, get_submatrix, set_params	cluster	Spectral Co-Clustering algorithm (Dhillon, 2001).							 4,2 																	
CountVectorizer	 3,8 	 3,9 	Pré-processamento / Textos	Converte textos em contagens de tokens (bag-of-words).	fit, fit_transform, get_feature_names, get_feature_names_out, get_params, inverse_transform, restrict, set_params, transform	feature_extraction	Transforms lists of feature-value mappings to vectors.										 3,9 		 3,7 												
GraphicalLasso	 3,8 	 3,3 	Modelos / Covariância	Estimativa esparsa de matriz de covariância inversa (precision matrix).	error_norm, fit, get_params, get_precision, mahalanobis, score, set_params	covariance	Sparse inverse covariance estimation with an l1-penalized estimator.	 5,0 															 3,2 								
GraphicalLassoCV	 3,8 	 3,3 	Modelos / Covariância	GraphicalLasso com cross-validation para seleção de parâmetro de regularização.	error_norm, fit, get_params, get_precision, mahalanobis, score, set_params	covariance	Sparse inverse covariance w/ cross-validated choice of the l1 penalty.	 5,0 															 3,2 								
ExtraTreeClassifier	 3,8 	 3,9 	Modelos / Tree	Classificador baseado em árvore aleatória.	apply, cost_complexity_pruning_path, decision_path, fit, get_depth, get_n_leaves, get_params, predict, score, set_params	tree	An extremely randomized tree regressor.	 5,0 																				 2,5 			
ExtraTreeRegressor	 3,8 	 3,9 	Modelos / Tree	Regressor baseado em árvore aleatória.	apply, decision_path, fit, get_params, predict, score, set_params	ensemble	An extra-trees regressor.	 5,0 																				 2,5 			
LatentDirichletAllocation	 3,8 	 3,9 	Modelos / Tópicos	Modelagem de tópicos via LDA para NLP.	fit, get_params, predict, score, set_params	svm	Linear Support Vector Regression.	 5,0 																				 2,5 			
MultiOutputClassifier	 3,8 	 3,9 	Modelos / Multi-output	Estende classificadores para múltiplos targets.	fit, get_params, partial_fit, predict, score, set_params	multioutput	Multi target regression.	 5,0 																					 2,5 		
MultiOutputRegressor	 3,8 	 3,9 	Modelos / Multi-output	Estende regressores para múltiplos targets.	fit, get_params, predict, predict_proba, score, set_params	semi_supervised	Label Propagation classifier.	 5,0 																					 2,5 		
RegressorChain	 3,8 	 3,9 	Modelos / Multi-output	Encadeamento de regressões para targets múltiplos.	decision_function, fit, fit_transform, get_feature_names_out, get_params, get_support, inverse_transform, predict, predict_log_proba, predict_proba, score, set_params, transform	feature_selection	Feature ranking with recursive feature elimination.	 5,0 																					 2,5 		
TfidfTransformer	 3,8 	 3,8 	feature_extraction	Convert a count matrix to a normalized tf or tf-idf representation.	fit, fit_transform, get_feature_names_out, get_params, set_params, transform	feature_extraction	Transform a count matrix to a normalized tf or tf-idf representation.										 3,9 		 3,7 												
TfidfVectorizer	 3,8 	 3,8 	feature_extraction	Convert a collection of raw documents to a matrix of TF-IDF features.	build_analyzer, build_preprocessor, build_tokenizer, decode, fit, fit_transform, get_feature_names, get_feature_names_out, get_params, get_stop_words, inverse_transform, set_params, transform	linear_model	Theil-Sen Estimator: robust multivariate regression model.										 3,9 		 3,7 												
KernelDensity	 3,8 	 3,3 	Modelos / Estatística	Estima densidade de probabilidade via kernel.	fit, get_params, sample, score, score_samples, set_params	neighbors	Kernel Density Estimation.	 5,0 																 3,0 							
CategoricalNB	 3,7 	 3,8 	Modelos / Naive Bayes	Classificador Naive Bayes para variáveis categóricas.	fit, get_params, partial_fit, predict, predict_log_proba, predict_proba, score, set_params	naive_bayes	The Complement Naive Bayes classifier described in Rennie et al. (2003).	 5,0 																						 2,3 	
ComplementNB	 3,7 	 3,8 	Modelos / Naive Bayes	Variante de Naive Bayes para classes desbalanceadas.	fit, fit_predict, get_params, set_params	cluster	Perform DBSCAN clustering from vector array or distance matrix.	 5,0 																						 2,3 	
GaussianNB	 3,7 	 3,8 	Modelos / Naive Bayes	Classificador Naive Bayes gaussiano.	apply, fit, get_params, predict, score, set_params, staged_predict	ensemble	Gradient Boosting for regression.	 5,0 																						 2,3 	
BernoulliNB	 3,7 	 3,7 	Modelos / Naive Bayes	Classificador Naive Bayes binomial.	fit, fit_predict, fit_transform, get_feature_names_out, get_params, predict, score, set_params, transform	cluster	Bisecting K-Means clustering.	 5,0 																						 2,3 	
FeatureAgglomeration	 3,7 	 3,3 	Pré-processamento / Seleção	Agrupa features correlacionadas hierarquicamente.	fit, fit_transform, get_feature_names_out, get_params, inverse_transform, set_params, transform	cluster	Agglomerate features.										 3,9 	 3,8 													
MultinomialNB	 3,7 	 3,7 	Modelos / Naive Bayes	Classificador Naive Bayes para dados multinomiais.	decision_function, fit, fit_transform, get_feature_names_out, get_params, predict, predict_log_proba, predict_proba, score, set_params, transform	discriminant_analysis	Linear Discriminant Analysis.	 5,0 																						 2,3 	
CCA	 3,7 	 3,3 	Redução de Dimensionalidade	Canonical Correlation Analysis.	fit, fit_transform, get_feature_names_out, get_params, inverse_transform, predict, score, set_params, transform	cross_decomposition	Canonical Correlation Analysis, also known as "Mode B" PLS.									 4,0 															
FactorAnalysis	 3,7 	 3,3 	Redução de Dimensionalidade	Decomposição de fatores latentes em dados observáveis.	fit, fit_transform, get_covariance, get_feature_names_out, get_params, get_precision, score, score_samples, set_params, transform	decomposition	Factor Analysis (FA).									 4,0 															
GaussianRandomProjection	 3,7 	 3,3 	Redução de Dimensionalidade	Redução de dimensionalidade via projeção aleatória gaussiana.	fit, fit_transform, get_feature_names_out, get_params, inverse_transform, set_params, transform	random_projection	Reduce dimensionality through Gaussian random projection.									 4,0 															
GenericUnivariateSelect	 3,7 	 3,3 	Seleção de Features	Seleção de features univariadas com métodos diversos.	fit, fit_transform, get_feature_names_out, get_params, get_support, inverse_transform, set_params, transform	feature_selection	Univariate feature selector with configurable strategy.								 4,0 																
Isomap	 3,7 	 3,3 	Redução de Dimensionalidade	Redução de dimensionalidade não-linear baseada em geodésicas.	fit, fit_transform, get_feature_names_out, get_params, reconstruction_error, set_params, transform	manifold	Isomap Embedding.									 4,0 															
LocallyLinearEmbedding	 3,7 	 3,3 	Redução de Dimensionalidade	Redução não-linear preservando vizinhança local.	fit, fit_transform, get_feature_names_out, get_params, set_params, transform	manifold	Locally Linear Embedding.									 4,0 															
MDS	 3,7 	 3,3 	Redução de Dimensionalidade	Multi-dimensional Scaling para visualização e redução.	fit, fit_transform, get_params, set_params	manifold	Multidimensional scaling.									 4,0 															
MiniBatchDictionaryLearning	 3,7 	 3,3 	Redução de Dimensionalidade	Aprendizado de dicionário esparso em mini-batches.	fit, fit_transform, get_feature_names_out, get_params, partial_fit, set_params, transform	decomposition	Mini-batch dictionary learning.									 4,0 															
MiniBatchNMF	 3,7 	 3,3 	Redução de Dimensionalidade	Fatoração de matrizes não-negativa em mini-batches.	fit, fit_transform, get_feature_names_out, get_params, inverse_transform, partial_fit, set_params, transform	decomposition	Mini-Batch Non-Negative Matrix Factorization (NMF).									 4,0 															
MiniBatchSparsePCA	 3,7 	 3,3 	Redução de Dimensionalidade	PCA esparsa eficiente em mini-batches.	fit, fit_transform, get_feature_names_out, get_params, set_params, transform	decomposition	Mini-batch Sparse Principal Components Analysis.									 4,0 															
NeighborhoodComponentsAnalysis	 3,7 	 3,3 	Redução de Dimensionalidade	Aprendizado supervisionado para redução dimensional que maximiza acurácia de vizinhos.	fit, fit_transform, get_feature_names_out, get_params, set_params, transform	neighbors	Neighborhood Components Analysis.									 4,0 															
PLSCanonical	 3,7 	 3,3 	Redução de Dimensionalidade	Análise canônica via Partial Least Squares (PLS).	fit, fit_transform, get_feature_names_out, get_params, inverse_transform, predict, score, set_params, transform	cross_decomposition	Partial Least Squares transformer and regressor.									 4,0 															
PLSSVD	 3,7 	 3,3 	Redução de Dimensionalidade	Variante SVD de PLS para decomposição de dados.	fit, fit_transform, get_feature_names_out, get_params, set_params, transform	cross_decomposition	Partial Least Square SVD.									 4,0 															
SelectFdr	 3,7 	 3,3 	Seleção de Features	Seleção de features controlando a taxa de descoberta falsa (FDR).	fit, fit_transform, get_feature_names_out, get_params, get_support, inverse_transform, set_params, transform	feature_selection	Filter: Select the p-values for an estimated false discovery rate.								 4,0 																
SelectFpr	 3,7 	 3,3 	Seleção de Features	Seleção de features controlando a taxa de falso positivo (FPR).	fit, fit_transform, get_feature_names_out, get_params, get_support, inverse_transform, set_params, transform	feature_selection	Filter: Select the pvalues below alpha based on a FPR test.								 4,0 																
SelectFwe	 3,7 	 3,3 	Seleção de Features	Seleção de features controlando a taxa de erro familiar (FWE).	fit, fit_transform, get_feature_names_out, get_params, get_support, inverse_transform, set_params, transform	feature_selection	Filter: Select the p-values corresponding to Family-wise error rate.								 4,0 																
SparseCoder	 3,7 	 3,3 	Redução de Dimensionalidade	Codificação esparsa baseada em dicionário.	fit, fit_transform, get_feature_names_out, get_params, set_params, transform	decomposition	Sparse coding.									 4,0 															
SparseRandomProjection	 3,7 	 3,3 	Redução de Dimensionalidade	Redução de dimensionalidade via projeção aleatória esparsa.	fit, fit_transform, get_feature_names_out, get_params, inverse_transform, set_params, transform	random_projection	Reduce dimensionality through sparse random projection.									 4,0 															
SpectralEmbedding	 3,7 	 3,3 	Redução de Dimensionalidade	Embedding não-linear baseado em espectro para visualização/dim. redu.	fit, fit_transform, get_params, set_params	manifold	Spectral embedding for non-linear dimensionality reduction.									 4,0 															
DictionaryLearning	 3,6 	 3,3 	Pré-processamento	Aprendizado de dicionário esparso para representação de dados.	fit, fit_transform, get_feature_names_out, get_params, set_params, transform	decomposition	Dictionary learning.										 3,9 														
FeatureHasher	 3,6 	 3,3 	Pré-processamento	Conversão eficiente de features categóricas em vetores esparsos.	fit, fit_transform, get_params, set_params, transform	feature_extraction	Implements feature hashing, aka the hashing trick.										 3,9 														
FunctionTransformer	 3,6 	 3,3 	Pré-processamento	Aplica função arbitrária nas features, útil para pipelines customizados.	fit, fit_transform, get_feature_names_out, get_params, inverse_transform, set_params, transform	preprocessing	Constructs a transformer from an arbitrary callable.										 3,9 														
HashingVectorizer	 3,6 	 3,3 	Pré-processamento	Converte textos em vetores esparsos via hashing.	build_analyzer, build_preprocessor, build_tokenizer, decode, fit, fit_transform, get_params, get_stop_words, partial_fit, set_params, transform	feature_extraction	Convert a collection of text documents to a matrix of token occurrences.										 3,9 														
IterativeImputer	 3,6 	 3,3 	Pré-processamento	Imputação iterativa de valores faltantes.	fit, fit_transform, get_feature_names_out, get_params, set_params, transform	impute	Multivariate imputer that estimates each feature from all the others.										 3,9 														
KBinsDiscretizer	 3,6 	 3,3 	Pré-processamento	Discretiza features contínuas em bins.	fit, fit_transform, get_feature_names_out, get_params, inverse_transform, set_params, transform	preprocessing	Bin continuous data into intervals.										 3,9 														
KNeighborsTransformer	 3,6 	 3,3 	Pré-processamento	Transformação baseada em vizinhos mais próximos.	fit, fit_transform, get_feature_names_out, get_params, kneighbors, kneighbors_graph, set_params, transform	neighbors	Transform X into a (weighted) graph of k nearest neighbors.										 3,9 														
LabelBinarizer	 3,6 	 3,3 	Pré-processamento	Converte rótulos em formato binário (one-vs-all).	fit, fit_transform, get_params, inverse_transform, set_params, transform	preprocessing	Binarize labels in a one-vs-all fashion.										 3,9 														
LabelEncoder	 3,6 	 3,3 	Pré-processamento	Converte rótulos categóricos em inteiros.	fit, fit_transform, get_params, inverse_transform, set_params, transform	preprocessing	Encode target labels with value between 0 and n_classes-1.										 3,9 														
MultiLabelBinarizer	 3,6 	 3,3 	Pré-processamento	Converte rótulos multilabel em binário.	fit, fit_transform, get_params, inverse_transform, set_params, transform	preprocessing	Transform between iterable of iterables and a multilabel format.										 3,9 														
OrdinalEncoder	 3,6 	 3,3 	Pré-processamento	Converte variáveis categóricas ordinais em inteiros.	fit, fit_transform, get_feature_names_out, get_params, inverse_transform, set_params, transform	preprocessing	Encode categorical features as an integer array.										 3,9 														
PatchExtractor	 3,6 	 3,3 	Pré-processamento	Extrai patches de imagens ou matrizes para transformação de features.	fit, get_params, set_params, transform	feature_extraction	Extracts patches from a collection of images.										 3,9 														
PolynomialCountSketch	 3,6 	 3,3 	Pré-processamento	Aproximação de produtos polinomiais de vetores esparsos.	fit, fit_transform, get_feature_names_out, get_params, set_params, transform	kernel_approximation	Polynomial kernel approximation via Tensor Sketch.										 3,9 														
QuantileTransformer	 3,6 	 3,3 	Pré-processamento	Transforma distribuições de features para uniformes ou normais.	fit, fit_transform, get_feature_names_out, get_params, inverse_transform, set_params, transform	preprocessing	Transform features using quantiles information.										 3,9 														
RadiusNeighborsTransformer	 3,6 	 3,3 	Pré-processamento	Transforma dados com base em vizinhos dentro de um raio.	fit, fit_transform, get_feature_names_out, get_params, radius_neighbors, radius_neighbors_graph, set_params, transform	neighbors	Transform X into a (weighted) graph of neighbors nearer than a radius.										 3,9 														
SkewedChi2Sampler	 3,6 	 3,3 	Pré-processamento	Aproximação de kernel Chi-quadrado para dados esparsos.	fit, fit_transform, get_feature_names_out, get_params, set_params, transform	kernel_approximation	Approximate feature map for "skewed chi-squared" kernel.										 3,9 														
SplineTransformer	 3,6 	 3,3 	Pré-processamento	Transformação de features contínuas em splines.	fit, fit_transform, get_feature_names, get_feature_names_out, get_params, set_params, transform	preprocessing	Generate univariate B-spline bases for features.										 3,9 														
MissingIndicator	 3,6 	 3,2 	Pré-processamento	Indica valores faltantes nas features para imputação.	fit, fit_transform, get_feature_names_out, get_params, set_params, transform	impute	Binary indicators for missing values.										 3,9 														
AdditiveChi2Sampler	 3,4 	 3,3 	Pré-processamento / Kernel	Aproximação do kernel Chi-quadrado aditivo para dados esparsos.	fit, fit_transform, get_feature_names_out, get_params, set_params, transform	kernel_approximation	Approximate feature map for additive chi2 kernel.										 3,9 								 3,0 						
KernelCenterer	 3,4 	 3,3 	Pré-processamento / Kernel	Centraliza matrizes de kernel para métodos baseados em kernel.	fit, fit_transform, get_feature_names_out, get_params, set_params, transform	preprocessing	Center an arbitrary kernel matrix :math:`K`.										 3,9 								 3,0 						
Nystroem	 3,4 	 3,3 	Pré-processamento / Kernel	Aproximação de kernels via método Nystroem.	fit, fit_transform, get_feature_names_out, get_params, set_params, transform	kernel_approximation	Approximate a kernel map using a subset of the training data.										 3,9 								 3,0 						
RBFSampler	 3,4 	 3,3 	Pré-processamento / Kernel	Aproximação de kernel RBF para transformação de features.	fit, fit_transform, get_feature_names_out, get_params, set_params, transform	kernel_approximation	Approximate a RBF kernel feature map using random Fourier features.										 3,9 								 3,0 						
EmpiricalCovariance	 3,1 	 3,2 	Estatística / Covariância	Estimativa simples de matriz de covariância pelo método empírico.	error_norm, fit, get_params, get_precision, mahalanobis, score, set_params	covariance	Maximum likelihood covariance estimator.																 3,2 	 3,0 							
LedoitWolf	 3,1 	 3,2 	Estatística / Covariância	Estimativa regularizada de covariância baseada em Ledoit-Wolf.	error_norm, fit, get_params, get_precision, mahalanobis, score, set_params	covariance	LedoitWolf Estimator.																 3,2 	 3,0 							
MinCovDet	 3,1 	 3,2 	Estatística / Covariância	Estimativa robusta de covariância mínima, resistente a outliers.	correct_covariance, error_norm, fit, get_params, get_precision, mahalanobis, reweight_covariance, score, set_params	covariance	Minimum Covariance Determinant (MCD): robust estimator of covariance.																 3,2 	 3,0 							
OAS	 3,1 	 3,2 	Estatística / Covariância	Estimativa ótima de covariância para alta dimensionalidade.	error_norm, fit, get_params, get_precision, mahalanobis, score, set_params	covariance	Oracle Approximating Shrinkage Estimator.																 3,2 	 3,0 							
ShrunkCovariance	 3,1 	 3,2 	Estatística / Covariância	Estimativa de covariância regularizada para alta dimensionalidade.	error_norm, fit, get_params, get_precision, mahalanobis, score, set_params	covariance	Covariance estimator with shrinkage.																 3,2 	 3,0 							
RandomTreesEmbedding	 3,1 	 3,3 	Pré-processamento / Transformação	Transformação esparsa de features usando árvores aleatórias.	apply, decision_path, fit, fit_transform, get_feature_names_out, get_params, set_params, transform	ensemble	An ensemble of totally random trees.										 3,9 														 2,0 
EllipticEnvelope	 3,0 	 3,3 	Detecção de outliers	Estima envelope elíptico robusto para detectar outliers multivariados.	correct_covariance, decision_function, error_norm, fit, fit_predict, get_params, get_precision, mahalanobis, predict, reweight_covariance, score, score_samples, set_params	covariance	An object for detecting outliers in a Gaussian distributed dataset.																				 2,7 				
